<?xml version="1.0" encoding="utf-8"?>
<extension type="module" version="3.1"  client="site" method="upgrade">
        <name>jDownloads Last Updated</name>
        <author>Arno Betz</author>
        <creationDate>2021-11-15</creationDate>
        <copyright>(C) 2009-2021 Arno Betz. All rights reserved.</copyright>
        <license>http://www.gnu.org/copyleft/gpl.html GNU/GPL</license>
        <authorEmail>info@jdownloads.com</authorEmail>
        <authorUrl>www.jDownloads.com</authorUrl>
        <version>3.9.8.2</version>
        <description>MOD_JDOWNLOADS_LAST_UPDATED_XML_DESCRIPTION</description>
        <files>
                <filename module="mod_jdownloads_last_updated">mod_jdownloads_last_updated.php</filename>
				<filename>helper.php</filename>
				<folder>tmpl</folder>
                <folder>language</folder>                
                <folder>fields</folder>                 
        </files>
        <config>
		<fields name="params" addfieldpath="/modules/mod_jdownloads_last_updated/fields">
			<fieldset name="basic">
                <field name="text_before" type="textarea" cols="30" rows="2" default="" label="MOD_JDOWNLOADS_LAST_UPDATED_TEXT_BEFORE_TITLE" description="MOD_JDOWNLOADS_LAST_UPDATED_TEXT_BEFORE_DESC"/>
                <field name="text_after" type="textarea" cols="30" rows="2" default="" label="MOD_JDOWNLOADS_LAST_UPDATED_TEXT_AFTER_TITLE" description="MOD_JDOWNLOADS_LAST_UPDATED_TEXT_AFTER_DESC"/>
                <field name="spacer1" type="spacer" default="" label="MOD_JDOWNLOADS_LAST_UPDATED_SPACER" description="" />
				<field name="catid" type="jdCategorySelectPure" multiple="true" size="10" default="" label="MOD_JDOWNLOADS_LAST_UPDATED_CAT_ID_TITLE" description="MOD_JDOWNLOADS_LAST_UPDATED_CAT_ID_DESC"/>
                <field name="sum_view" type="text" default="5" label="MOD_JDOWNLOADS_LAST_UPDATED_NO_FILES_TITLE" description="MOD_JDOWNLOADS_LAST_UPDATED_NO_FILES_DESC"/>
                <field name="sum_char" type="text" default="" label="MOD_JDOWNLOADS_LAST_UPDATED_TITLE_CHAR_LENGTH_TITLE" description="MOD_JDOWNLOADS_LAST_UPDATED_TITLE_CHAR_LENGTH_DESC"/>
                <field name="short_char" type="text" default="" label="MOD_JDOWNLOADS_LAST_UPDATED_TITLE_REPLACE_CHAR_TITLE" description="MOD_JDOWNLOADS_LAST_UPDATED_TITLE_REPLACE_CHAR_DESC"/>
                <field name="short_version" type="text" default="" label="MOD_JDOWNLOADS_LAST_UPDATED_CHAR_BEFORE_RELEASE_TITLE" description="MOD_JDOWNLOADS_LAST_UPDATED_CHAR_BEFORE_RELEASE_DESC"/>
                <field name="detail_view" type="radio" class="btn-group" label="MOD_JDOWNLOADS_LAST_UPDATED_LINK_TO_DETAIL_TITLE" default="1" description="MOD_JDOWNLOADS_LAST_UPDATED_LINK_TO_DETAIL_DESC">
                        <option value="1">MOD_JDOWNLOADS_LAST_UPDATED_YES</option>
                        <option value="0">MOD_JDOWNLOADS_LAST_UPDATED_NO</option>
                </field>
                <field name="view_tooltip" type="radio" class="btn-group" default="1" label="MOD_JDOWNLOADS_LAST_UPDATED_VIEW_TOOLTIP" description="">
                        <option value="1">MOD_JDOWNLOADS_LAST_UPDATED_YES</option>
                        <option value="0">MOD_JDOWNLOADS_LAST_UPDATED_NO</option>
                </field>
                <field name="view_tooltip_length" type="text" default="100" label="MOD_JDOWNLOADS_LAST_UPDATED_VIEW_TOOLTIP_LENGTH" description=""/>
                <field name="spacer-date" type="spacer" default="" label="MOD_JDOWNLOADS_LAST_UPDATED_SPACER" description="" />
                <field name="view_date" type="radio" class="btn-group" default="1" label="MOD_JDOWNLOADS_LAST_UPDATED_SHOW_DATE_TITLE" description="MOD_JDOWNLOADS_LAST_UPDATED_SHOW_DATE_DESC">
                		<option value="1">MOD_JDOWNLOADS_LAST_UPDATED_YES</option>
			            <option value="0">MOD_JDOWNLOADS_LAST_UPDATED_NO</option>
		        </field>
                <field name="view_date_same_line" type="radio" class="btn-group" default="0" label="MOD_JDOWNLOADS_LAST_UPDATED_VIEW_DATE_IN_THE_SAME_LINE_TITLE" description="MOD_JDOWNLOADS_LAST_UPDATED_VIEW_DATE_IN_THE_SAME_LINE_DESC">
                        <option value="1">MOD_JDOWNLOADS_LAST_UPDATED_YES</option>
                        <option value="0">MOD_JDOWNLOADS_LAST_UPDATED_NO</option>
                </field>
                <field name="view_date_text" type="text" default="" label="MOD_JDOWNLOADS_LAST_UPDATED_VIEW_DATE_TEXT_TITLE" description="MOD_JDOWNLOADS_LAST_UPDATED_VIEW_DATE_TEXT_DESC"/>
                <field name="date_format" type="text" default="" label="MOD_JDOWNLOADS_LAST_UPDATED_DATE_FORMAT_TITLE" description="MOD_JDOWNLOADS_LAST_UPDATED_DATE_FORMAT_DESC"/>
                <field name="date_alignment" type="list" label="MOD_JDOWNLOADS_LAST_UPDATED_DATE_ALIGN_TITLE" default="left" description="MOD_JDOWNLOADS_LAST_UPDATED_DATE_ALIGN_DESC">
                        <option value="left">MOD_JDOWNLOADS_LAST_UPDATED_LEFT</option>
                        <option value="right">MOD_JDOWNLOADS_LAST_UPDATED_RIGHT</option>
                        <option value="center">MOD_JDOWNLOADS_LAST_UPDATED_CENTER</option>
                </field>
				<field name="spacer-hits" type="spacer" default="" label="MOD_JDOWNLOADS_LAST_UPDATED_SPACER" description="" />
                <field name="view_hits" type="radio" class="btn-group" default="1" label="MOD_JDOWNLOADS_LAST_UPDATED_SHOW_HITS_TITLE" description="MOD_JDOWNLOADS_LAST_UPDATED_SHOW_HITS_DESC">
                		<option value="1">MOD_JDOWNLOADS_LAST_UPDATED_YES</option>
			            <option value="0">MOD_JDOWNLOADS_LAST_UPDATED_NO</option>
		        </field>
                <field name="view_hits_same_line" type="radio" class="btn-group" default="1" label="MOD_JDOWNLOADS_LAST_UPDATED_VIEW_HITS_IN_THE_SAME_LINE_TITLE" description="MOD_JDOWNLOADS_LAST_UPDATED_VIEW_HITS_IN_THE_SAME_LINE_DESC">
                        <option value="1">MOD_JDOWNLOADS_LAST_UPDATED_YES</option>
                        <option value="0">MOD_JDOWNLOADS_LAST_UPDATED_NO</option>
                </field>
				<field name="hits_label" type="text" default="" label="MOD_JDOWNLOADS_LAST_UPDATED_HITS_LABEL_TITLE" description=""/>
				<field name="hits_alignment" type="list" label="MOD_JDOWNLOADS_LAST_UPDATED_HITS_ALIGN_TITLE" default="left" description="MOD_JDOWNLOADS_LAST_UPDATED_HITS_ALIGN_DESC">
                        <option value="left">MOD_JDOWNLOADS_LAST_UPDATED_LEFT</option>
                        <option value="right">MOD_JDOWNLOADS_LAST_UPDATED_RIGHT</option>
                        <option value="center">MOD_JDOWNLOADS_LAST_UPDATED_CENTER</option>
                </field> 
				<field name="spacer-mime" type="spacer" default="" label="MOD_JDOWNLOADS_LAST_UPDATED_SPACER" description="" />
                <field name="view_pics" type="radio" class="btn-group" label="MOD_JDOWNLOADS_LAST_UPDATED_VIEW_MIME_PIC" default="1" description="MOD_JDOWNLOADS_LAST_UPDATED_VIEW_MIME_PIC_DESC">
                        <option value="1">MOD_JDOWNLOADS_LAST_UPDATED_YES</option>
                        <option value="0">MOD_JDOWNLOADS_LAST_UPDATED_NO</option>
                </field>
				<field name="view_pics_link" type="radio" class="btn-group" label="MOD_JDOWNLOADS_LAST_UPDATED_VIEW_MIME_PIC_LINK" default="1" description="MOD_JDOWNLOADS_LAST_UPDATED_VIEW_MIME_PIC_LINK_DESC">
                        <option value="1">MOD_JDOWNLOADS_LAST_UPDATED_YES</option>
                        <option value="0">MOD_JDOWNLOADS_LAST_UPDATED_NO</option>
				</field>
                <field name="view_pics_size" type="text" default="18" label="MOD_JDOWNLOADS_LAST_UPDATED_SET_SIZE_FROM_MIME_PICS" description="MOD_JDOWNLOADS_LAST_UPDATED_SET_SIZE_FROM_MIME_PICS_DESC"/>
                <field name="view_numerical_list" type="radio" class="btn-group" label="MOD_JDOWNLOADS_LAST_UPDATED_VIEW_NUMERICAL_LIST" default="0" description="MOD_JDOWNLOADS_LAST_UPDATED_VIEW_NUMERICAL_LIST_DESC">
                        <option value="1">MOD_JDOWNLOADS_LAST_UPDATED_YES</option>
                        <option value="0">MOD_JDOWNLOADS_LAST_UPDATED_NO</option>
                </field>
				<field name="spacer4" type="spacer" default="" label="MOD_JDOWNLOADS_LAST_UPDATED_SPACER" description="" />
                <field name="view_thumbnails" type="radio" class="btn-group" label="MOD_JDOWNLOADS_LAST_UPDATED_VIEW_THUMBNAILS_TITLE" default="0" description="MOD_JDOWNLOADS_LAST_UPDATED_VIEW_THUMBNAILS_DESC">
                        <option value="1">MOD_JDOWNLOADS_LAST_UPDATED_YES</option>
                        <option value="0">MOD_JDOWNLOADS_LAST_UPDATED_NO</option>
                </field>
				<field name="view_thumbnails_link" type="radio" class="btn-group" default="1" label="MOD_JDOWNLOADS_LAST_UPDATED_VIEW_THUMBNAILS_LINK_TITLE" description="MOD_JDOWNLOADS_LAST_UPDATED_VIEW_THUMBNAILS_LINK_DESC">				
				        <option value="1">MOD_JDOWNLOADS_LAST_UPDATED_YES</option>
                        <option value="0">MOD_JDOWNLOADS_LAST_UPDATED_NO</option>
                </field>
                <field name="view_thumbnails_dummy" type="radio" class="btn-group" default="1" label="MOD_JDOWNLOADS_LAST_UPDATED_VIEW_THUMBNAILS_DUMMY_TITLE" description="MOD_JDOWNLOADS_LAST_UPDATED_VIEW_THUMBNAILS_DUMMY_DESC">				
				        <option value="1">MOD_JDOWNLOADS_LAST_UPDATED_YES</option>
                        <option value="0">MOD_JDOWNLOADS_LAST_UPDATED_NO</option>
                </field>
                <field name="view_thumbnails_size" type="text" default="100" label="MOD_JDOWNLOADS_LAST_UPDATED_VIEW_THUMBNAILS_SIZE_TITLE" description="MOD_JDOWNLOADS_LAST_UPDATED_VIEW_THUMBNAILS_SIZE_DESC"/>
				<field name="spacer5" type="spacer" default="" label="MOD_JDOWNLOADS_LAST_UPDATED_SPACER" description="" />
                <field name="cat_show" type="radio" class="btn-group" default="1" label="MOD_JDOWNLOADS_LAST_UPDATED_CAT_SHOW_TITLE" description="MOD_JDOWNLOADS_LAST_UPDATED_CAT_SHOW_DESC">
                        <option value="1">MOD_JDOWNLOADS_LAST_UPDATED_YES</option>
                        <option value="0">MOD_JDOWNLOADS_LAST_UPDATED_NO</option>
                </field>
                <field name="cat_show_type" type="list" label="MOD_JDOWNLOADS_LAST_UPDATED_CAT_SHOW_TYPE_TITLE" default="all" description="MOD_JDOWNLOADS_LAST_UPDATED_CAT_SHOW_TYPE_DESC">
                        <option value="all">MOD_JDOWNLOADS_LAST_UPDATED_CAT_SHOW_TYPE_ALL</option>
                        <option value="containing">MOD_JDOWNLOADS_LAST_UPDATED_CAT_SHOW_TYPE_CONTAINING</option>
                </field>
                <field name="cat_show_text" type="text" default="" label="MOD_JDOWNLOADS_LAST_UPDATED_CAT_SHOW_TEXT_TITLE" description=""/>
                <field name="cat_show_text_color" type="text" default="#808080" label="MOD_JDOWNLOADS_LAST_UPDATED_CAT_SHOW_TEXT_FONT_COLOR" description=""/>
                <field name="cat_show_text_size" type="text" default="8pt" label="MOD_JDOWNLOADS_LAST_UPDATED_CAT_SHOW_TEXT_FONT_SIZE" description=""/>
                <field name="cat_show_as_link" type="radio" class="btn-group" default="1" label="MOD_JDOWNLOADS_LAST_UPDATED_CAT_SHOW_TEXT_AS_LINK" description="">
                        <option value="1">MOD_JDOWNLOADS_LAST_UPDATED_YES</option>
                        <option value="0">MOD_JDOWNLOADS_LAST_UPDATED_NO</option>
                </field>
                <field name="spacer6" type="spacer" default="" label="MOD_JDOWNLOADS_LAST_UPDATED_SPACER" description="" />
                <field name="alignment" type="list" label="MOD_JDOWNLOADS_LAST_UPDATED_ALIGN_TITLE" default="left" description="MOD_JDOWNLOADS_LAST_UPDATED_ALIGN_DESC">
                        <option value="left">MOD_JDOWNLOADS_LAST_UPDATED_LEFT</option>
                        <option value="right">MOD_JDOWNLOADS_LAST_UPDATED_RIGHT</option>
                        <option value="center">MOD_JDOWNLOADS_LAST_UPDATED_CENTER</option>
                </field>
        </fieldset>
		<fieldset name="advanced">
				<field name="layout" type="modulelayout" default="" label="MOD_JDOWNLOADS_LAST_UPDATED_LAYOUT_TITLE" description="MOD_JDOWNLOADS_LAST_UPDATED_LAYOUT_DESC" />
				<field name="moduleclass_sfx" type="text" default="" label="MOD_JDOWNLOADS_LAST_UPDATED_CLASS_SUFFIX_TITLE" description="MOD_JDOWNLOADS_LAST_UPDATED_CLASS_SUFFIX_DESC"/>
				<field name="cache" type="list" default="1" label="MOD_JDOWNLOADS_LAST_UPDATED_CACHE_LABEL" description="MOD_JDOWNLOADS_LAST_UPDATED_CACHE_DESCRIPTION">
					<option value="1">MOD_JDOWNLOADS_LAST_UPDATED_CACHE_USE_GLOBAL</option>
					<option value="0">MOD_JDOWNLOADS_LAST_UPDATED_CACHE_NO_CACHING</option>
				</field>
				<field name="cache_time" type="text" default="900" label="MOD_JDOWNLOADS_LAST_UPDATED_CACHE_TIME_LABEL" description="MOD_JDOWNLOADS_LAST_UPDATED_CACHE_TIME_DESCRIPTION" />
        </fieldset>
		</fields>
      </config>
</extension>
