<?xml version="1.0" encoding="utf-8"?>
<extension type="module" client="site" version="3.4" method="upgrade">
        <name>jDownloads Stats</name>
        <author>Arno Betz</author>
        <creationDate>2020-08-23</creationDate>
        <copyright>(C) 2007-2020 by Arno Betz. All rights reserved.</copyright>
        <license>http://www.gnu.org/copyleft/gpl.html GNU/GPL</license>
        <authorEmail>info@jdownloads.com</authorEmail>
        <authorUrl>www.jDownloads.com</authorUrl>
        <version>3.9.3</version>
        <description>MOD_JDOWNLOADS_STATS_DESC</description>
        <files>
                <filename module="mod_jdownloads_stats">mod_jdownloads_stats.php</filename>
                <filename>helper.php</filename>
                <filename>mod_jdownloads_stats.xml</filename>        
                <folder>tmpl</folder>
                <folder>language</folder>
        </files>
        <config>
		<fields name="params">
			<fieldset name="basic">
                <field name="text" type="textarea" cols="30" rows="10" default="{en-GB}The download archive contains currently #1 Downloads in #2 Categories. To date, these have been downloaded #3 times.{/en-GB} {de-DE}Das Download Archiv enthält aktuell #1 Dateien in #2 Kategorien. Bis heute wurden diese #3 mal heruntergeladen.{/de-DE}" label="MOD_JDOWNLOADS_STATS_TEXT_LABEL" description="MOD_JDOWNLOADS_STATS_TEXT_DESC" filter="raw"/>
                <field name="use_all_items" type="radio" class="btn-group" label="MOD_JDOWNLOADS_STATS_US_ALL_ITEMS" default="0" description="MOD_JDOWNLOADS_STATS_US_ALL_ITEMS_DESC">
                        <option value="1">MOD_JDOWNLOADS_STATS_YES</option>
                        <option value="0">MOD_JDOWNLOADS_STATS_NO</option>
                </field>
				<field name="value_color" type="text" default="#990000" label="MOD_JDOWNLOADS_STATS_TEXT_COLOR_LABEL" description="MOD_JDOWNLOADS_STATS_TEXT_COLOR_DESC"/>
                <field name="alignment" type="list" label="MOD_JDOWNLOADS_STATS_ALIGN_TITLE" default="left" description="MOD_JDOWNLOADS_STATS_ALIGN_DESC">
                        <option value="left">left</option>
                        <option value="right">right</option>
                        <option value="center">center</option>
                        <option value="justify">justify</option>
                </field>
		    </fieldset>
            <fieldset name="advanced">
                <field name="moduleclass_sfx" type="text" default="" label="MOD_JDOWNLOADS_STATS_CLASS_SUFFIX_TITLE" description="MOD_JDOWNLOADS_STATS_CLASS_SUFFIX_DESC"/>                         
            </fieldset>
		</fields>
    </config>
</extension>