<?xml version="1.0" encoding="utf-8"?>
<extension type="module" client="site" version="3.1" method="upgrade">
        <name>jDownloads Related</name>
        <author>Arno Betz</author>
        <creationDate>2021-11-15</creationDate>
        <copyright>(C) 2009-2021 Arno Betz. All rights reserved.</copyright>
        <license>http://www.gnu.org/copyleft/gpl.html GNU/GPL</license>
        <authorEmail>info@jdownloads.com</authorEmail>
        <authorUrl>www.jDownloads.com</authorUrl>
        <version>3.9.8.2</version>
        <description>MOD_JDOWNLOADS_RELATED_XML_DESCRIPTION</description>
        <files>
                <filename module="mod_jdownloads_related">mod_jdownloads_related.php</filename>
				<filename>helper.php</filename>		
				<folder>tmpl</folder>
                <folder>language</folder>
                <folder>fields</folder>
        </files>
        <config>
        <fields name="params" addfieldpath="/modules/mod_jdownloads_related/fields">        
			<fieldset name="basic">
                <field name="text_before" type="textarea" cols="30" rows="2" default="" label="MOD_JDOWNLOADS_RELATED_TEXT_BEFORE_TITLE" description="MOD_JDOWNLOADS_RELATED_TEXT_BEFORE_DESC"/>
                <field name="text_after" type="textarea" cols="30" rows="2" default="" label="MOD_JDOWNLOADS_RELATED_TEXT_AFTER_TITLE" description="MOD_JDOWNLOADS_RELATED_TEXT_AFTER_DESC"/>
                <field name="note1" type="note" label="MOD_JDOWNLOADS_RELATED_TITLE_OPTIONS" />
                <field name="title" type="textarea" cols="30" rows="2" default="" label="MOD_JDOWNLOADS_RELATED_TITLE" description="MOD_JDOWNLOADS_RELATED_TITLE_DESC" />
				<field name="sum_view" type="text" label="MOD_JDOWNLOADS_RELATED_NO_FILES_TITLE" description="MOD_JDOWNLOADS_RELATED_NO_FILES_DESC"
					filter="integer"
					class="inputbox"
					maxlength="2"
					default="5" 
				/>
                <field name="sum_char" type="text" label="MOD_JDOWNLOADS_RELATED_TITLE_CHAR_LENGTH_TITLE" description="MOD_JDOWNLOADS_RELATED_TITLE_CHAR_LENGTH_DESC"
					filter="integer"
					class="inputbox"
					maxlength="2"
					default="0" 
				/>
                <field name="short_char" type="text" default="" label="MOD_JDOWNLOADS_RELATED_TITLE_REPLACE_CHAR_TITLE" description="MOD_JDOWNLOADS_RELATED_TITLE_REPLACE_CHAR_DESC" maxlength="10" />
                <field name="short_version" type="text" default="" label="MOD_JDOWNLOADS_RELATED_CHAR_BEFORE_RELEASE_TITLE" description="MOD_JDOWNLOADS_RELATED_CHAR_BEFORE_RELEASE_DESC" maxlength="10" />
                <field name="detail_view" type="radio" class="btn-group" label="MOD_JDOWNLOADS_RELATED_LINK_TO_DETAIL_TITLE" default="1" description="MOD_JDOWNLOADS_RELATED_LINK_TO_DETAIL_DESC">
                        <option value="1">MOD_JDOWNLOADS_RELATED_YES</option>
                        <option value="0">MOD_JDOWNLOADS_RELATED_NO</option>
                </field>
				<field name="view_tooltip" type="radio" class="btn-group" default="1" label="MOD_JDOWNLOADS_RELATED_VIEW_TOOLTIP" description="">
                        <option value="1">MOD_JDOWNLOADS_RELATED_YES</option>
                        <option value="0">MOD_JDOWNLOADS_RELATED_NO</option>
                </field>
				<field name="view_tooltip_length" type="text" label="MOD_JDOWNLOADS_RELATED_VIEW_TOOLTIP_LENGTH" description=""
					filter="integer"
					class="inputbox"
					maxlength="3"
					default="250" 
				/>
				<field name="view_not_found" type="radio" class="btn-group" default="1" label="MOD_JDOWNLOADS_RELATED_VIEW_NO_ITEMS_FOUND" description="MOD_JDOWNLOADS_RELATED_VIEW_NO_ITEMS_FOUND_DESC">
                    <option value="1">MOD_JDOWNLOADS_RELATED_YES</option>
                    <option value="0">MOD_JDOWNLOADS_RELATED_NO</option>
                </field>
                <field name="note2" type="note" label="MOD_JDOWNLOADS_RELATED_TITLE_HITS" />
                <field name="view_hits" type="radio" class="btn-group" default="1" label="MOD_JDOWNLOADS_RELATED_SHOW_HITS_TITLE" description="MOD_JDOWNLOADS_RELATED_SHOW_HITS_DESC">
                		<option value="1">MOD_JDOWNLOADS_RELATED_YES</option>
			            <option value="0">MOD_JDOWNLOADS_RELATED_NO</option>
		        </field>
				<field name="hits_label" type="textarea" cols="30" rows="2" default="" label="MOD_JDOWNLOADS_RELATED_HITS_LABEL_TITLE" description="" />
                <field name="view_hits_same_line" type="radio" class="btn-group" default="1" label="MOD_JDOWNLOADS_RELATED_VIEW_HITS_IN_THE_SAME_LINE_TITLE" description="MOD_JDOWNLOADS_RELATED_VIEW_HITS_IN_THE_SAME_LINE_DESC">
                        <option value="1">MOD_JDOWNLOADS_RELATED_YES</option>
                        <option value="0">MOD_JDOWNLOADS_RELATED_NO</option>
                </field>
				<field name="hits_alignment" type="list" label="MOD_JDOWNLOADS_RELATED_HITS_ALIGN_TITLE" default="left" description="MOD_JDOWNLOADS_RELATED_HITS_ALIGN_DESC">
                        <option value="left">MOD_JDOWNLOADS_RELATED_LEFT</option>
                        <option value="right">MOD_JDOWNLOADS_RELATED_RIGHT</option>
                        <option value="center">MOD_JDOWNLOADS_RELATED_CENTER</option>
                </field> 
                <field name="note3" type="note" label="MOD_JDOWNLOADS_RELATED_TITLE_DATE" />
                <field name="view_date" type="radio" class="btn-group" default="0" label="MOD_JDOWNLOADS_RELATED_SHOW_DATE_TITLE" description="MOD_JDOWNLOADS_RELATED_SHOW_DATE_DESC">
                        <option value="1">MOD_JDOWNLOADS_RELATED_YES</option>
                        <option value="0">MOD_JDOWNLOADS_RELATED_NO</option>
                </field>
                <field name="view_date_same_line" type="radio" class="btn-group" default="0" label="MOD_JDOWNLOADS_RELATED_VIEW_DATE_IN_THE_SAME_LINE_TITLE" description="MOD_JDOWNLOADS_RELATED_VIEW_DATE_IN_THE_SAME_LINE_DESC">
                        <option value="1">MOD_JDOWNLOADS_RELATED_YES</option>
                        <option value="0">MOD_JDOWNLOADS_RELATED_NO</option>
                </field>
				<field name="view_date_text" type="text" default="" label="MOD_JDOWNLOADS_RELATED_VIEW_DATE_TEXT_TITLE" description="MOD_JDOWNLOADS_RELATED_VIEW_DATE_TEXT_DESC"/>
                <field name="date_format" type="text" default="Y-m-d" label="MOD_JDOWNLOADS_RELATED_DATE_FORMAT_TITLE" description="MOD_JDOWNLOADS_RELATED_DATE_FORMAT_DESC" maxlength="50"/>
                <field name="date_alignment" type="list" label="MOD_JDOWNLOADS_RELATED_DATE_ALIGN_TITLE" default="left" description="MOD_JDOWNLOADS_RELATED_DATE_ALIGN_DESC">
                        <option value="left">MOD_JDOWNLOADS_RELATED_LEFT</option>
                        <option value="right">MOD_JDOWNLOADS_RELATED_RIGHT</option>
                        <option value="center">MOD_JDOWNLOADS_RELATED_CENTER</option>
                </field>                
                <field name="note4" type="note" label="MOD_JDOWNLOADS_RELATED_TITLE_FILE_ICON" />
                <field name="view_pics" type="radio" class="btn-group" label="MOD_JDOWNLOADS_RELATED_VIEW_MIME_PIC" default="1" description="MOD_JDOWNLOADS_RELATED_VIEW_MIME_PIC_DESC">
                        <option value="1">MOD_JDOWNLOADS_RELATED_YES</option>
                        <option value="0">MOD_JDOWNLOADS_RELATED_NO</option>
                </field>
                <field name="view_pics_size" type="text" label="MOD_JDOWNLOADS_RELATED_SET_SIZE_FROM_MIME_PICS" description="MOD_JDOWNLOADS_RELATED_SET_SIZE_FROM_MIME_PICS_DESC"
					filter="integer"
					class="inputbox"
					maxlength="2"
					default="18" 
				/>
				<field name="view_pics_link" type="radio" class="btn-group" label="MOD_JDOWNLOADS_RELATED_VIEW_MIME_PIC_LINK" default="1" description="MOD_JDOWNLOADS_RELATED_VIEW_MIME_PIC_LINK_DESC">
                        <option value="1">MOD_JDOWNLOADS_RELATED_YES</option>
                        <option value="0">MOD_JDOWNLOADS_RELATED_NO</option>
				</field>
                <field name="view_numerical_list" type="radio" class="btn-group" label="MOD_JDOWNLOADS_RELATED_VIEW_NUMERICAL_LIST" default="0" description="MOD_JDOWNLOADS_RELATED_VIEW_NUMERICAL_LIST_DESC">
                        <option value="1">MOD_JDOWNLOADS_RELATED_YES</option>
                        <option value="0">MOD_JDOWNLOADS_RELATED_NO</option>
                </field>
				<field name="note5" type="note" label="MOD_JDOWNLOADS_RELATED_TITLE_FILE_THUMB" />
                <field name="view_thumbnails" type="radio" class="btn-group" label="MOD_JDOWNLOADS_RELATED_VIEW_THUMBNAILS_TITLE" default="0" description="MOD_JDOWNLOADS_RELATED_VIEW_THUMBNAILS_DESC">
                        <option value="1">MOD_JDOWNLOADS_RELATED_YES</option>
                        <option value="0">MOD_JDOWNLOADS_RELATED_NO</option>
                </field>
                <field name="view_thumbnails_dummy" type="radio" class="btn-group" default="1" label="MOD_JDOWNLOADS_RELATED_VIEW_THUMBNAILS_DUMMY_TITLE" description="MOD_JDOWNLOADS_RELATED_VIEW_THUMBNAILS_DUMMY_DESC">				
				        <option value="1">MOD_JDOWNLOADS_RELATED_YES</option>
                        <option value="0">MOD_JDOWNLOADS_RELATED_NO</option>
                </field>
				<field name="view_thumbnails_link" type="radio" class="btn-group" default="1" label="MOD_JDOWNLOADS_RELATED_VIEW_THUMBNAILS_LINK_TITLE" description="MOD_JDOWNLOADS_RELATED_VIEW_THUMBNAILS_LINK_DESC">				
				        <option value="1">MOD_JDOWNLOADS_RELATED_YES</option>
                        <option value="0">MOD_JDOWNLOADS_RELATED_NO</option>
                </field>
                <field name="view_thumbnails_size" type="text" label="MOD_JDOWNLOADS_RELATED_VIEW_THUMBNAILS_SIZE_TITLE" description="MOD_JDOWNLOADS_RELATED_VIEW_THUMBNAILS_SIZE_DESC" 
					filter="integer"
					class="inputbox"
					maxlength="3"
					default="40" 
				/>
				<field name="note6" type="note" label="MOD_JDOWNLOADS_RELATED_TITLE_CATS" />
                <field name="cat_show" type="radio" class="btn-group" default="1" label="MOD_JDOWNLOADS_RELATED_CAT_SHOW_TITLE" description="MOD_JDOWNLOADS_RELATED_CAT_SHOW_DESC">
                        <option value="1">MOD_JDOWNLOADS_RELATED_YES</option>
                        <option value="0">MOD_JDOWNLOADS_RELATED_NO</option>
                </field>
                <field name="cat_show_type" type="list" label="MOD_JDOWNLOADS_RELATED_CAT_SHOW_TYPE_TITLE" default="all" description="MOD_JDOWNLOADS_RELATED_CAT_SHOW_TYPE_DESC">
                        <option value="all">MOD_JDOWNLOADS_RELATED_CAT_SHOW_TYPE_ALL</option>
                        <option value="containing">MOD_JDOWNLOADS_RELATED_CAT_SHOW_TYPE_CONTAINING</option>
                </field>
                <field name="cat_show_text" type="textarea" cols="30" rows="2" default="" label="MOD_JDOWNLOADS_RELATED_CAT_SHOW_TEXT_TITLE" description="" />                
                <field name="cat_show_text_color" type="text" default="#808080" label="MOD_JDOWNLOADS_RELATED_CAT_SHOW_TEXT_FONT_COLOR" description="MOD_JDOWNLOADS_RELATED_CAT_SHOW_TEXT_FONT_DESC" maxlength="100" />
                <field name="cat_show_text_size" type="text" default="8pt" label="MOD_JDOWNLOADS_RELATED_CAT_SHOW_TEXT_FONT_SIZE" description="MOD_JDOWNLOADS_RELATED_CAT_SHOW_TEXT_FONT_DESC" maxlength="10" />
                <field name="cat_show_as_link" type="radio" class="btn-group" default="1" label="MOD_JDOWNLOADS_RELATED_CAT_SHOW_TEXT_AS_LINK" description="">
                        <option value="1">MOD_JDOWNLOADS_RELATED_YES</option>
                        <option value="0">MOD_JDOWNLOADS_RELATED_NO</option>
                </field>
				<field name="note-alignment" type="note" label="MOD_JDOWNLOADS_RELATED_ALIGN_OPTIONS" />
                <field name="alignment" type="list" label="MOD_JDOWNLOADS_RELATED_ALIGN_TITLE" default="left" description="MOD_JDOWNLOADS_RELATED_ALIGN_DESC">
                        <option value="left">MOD_JDOWNLOADS_RELATED_LEFT</option>
                        <option value="right">MOD_JDOWNLOADS_RELATED_RIGHT</option>
                        <option value="center">MOD_JDOWNLOADS_RELATED_CENTER</option>
                </field>
        </fieldset>
        <fieldset name="filter" label="MOD_JDOWNLOADS_RELATED_FILTER_TITLE">
		
		<field name="Daterange_filter" type="radio" class="btn-group" default="0" label="MOD_JDOWNLOADS_RELATED_DATE_FILTER" description="MOD_JDOWNLOADS_RELATED_DATE_FILTER_DESC">
                    <option value="1">MOD_JDOWNLOADS_RELATED_YES</option>
                    <option value="0">MOD_JDOWNLOADS_RELATED_NO</option>
		</field>
		
		<field name="Daterange_filter_field" type="list" showon="Daterange_filter:1" default="a.created" label="MOD_JDOWNLOADS_RELATED_DATE" description="MOD_JDOWNLOADS_RELATED_DATE_DESC">
                    <option value="created">MOD_JDOWNLOADS_RELATED_CREATED_DATE</option>
                    <option value="modified">MOD_JDOWNLOADS_RELATED_MODIFIED_DATE</option>
					<option value="publish_up">MOD_JDOWNLOADS_RELATED_PUBLISHED_FROM_DATE</option>
					<option value="publish_down">MOD_JDOWNLOADS_RELATED_PUBLISHED_TO_DATE</option>
				
		</field>
		
				<field name="Category_filter" type="radio" class="btn-group" default="1" label="MOD_JDOWNLOADS_RELATED_CAT_FILTER" description="MOD_JDOWNLOADS_RELATED_CAT_FILTER_DESC">
                        <option value="1">MOD_JDOWNLOADS_RELATED_CAT_FILTER_YES</option>
                        <option value="0">MOD_JDOWNLOADS_RELATED_CAT_FILTER_NO</option>
				</field>
				
                <field name="show_child_category_downloads" type="radio" showon="Category_filter:1" class="btn-group" default="0" label="MOD_JDOWNLOADS_RELATED_SELECT_CHILD" description="MOD_JDOWNLOADS_RELATED_SELECT_CHILD_DESC">
                    <option value="1">MOD_JDOWNLOADS_RELATED_INCLUDE</option>
                    <option value="0">MOD_JDOWNLOADS_RELATED_EXCLUDE</option>
                </field>
                <field name="levels" type="text" default="1" showon="Category_filter:1" label="MOD_JDOWNLOADS_RELATED_CAT_DEPTH" description="MOD_JDOWNLOADS_RELATED_CAT_DEPTH_DESC" />
                <field name="download_ordering" type="list" default="a.title" label="MOD_JDOWNLOADS_RELATED_FIELD_ORDER" description="MOD_JDOWNLOADS_RELATED_FIELD_ORDER_DESC">
                    <option value="a.ordering">MOD_JDOWNLOADS_RELATED_ORDER_MANAGER</option>
                    <option value="a.downloads">MOD_JDOWNLOADS_RELATED_ORDER_HITS</option>
                    <option value="a.title">MOD_JDOWNLOADS_RELATED_ORDER_TITLE</option>
                    <option value="a.id">MOD_JDOWNLOADS_RELATED_ORDER_ID</option>
                    <option value="a.alias">MOD_JDOWNLOADS_RELATED_ORDER_ALIAS</option>
                    <option value="a.created">MOD_JDOWNLOADS_RELATED_ORDER_CREATED_DATE</option>
                    <option value="a.modified">MOD_JDOWNLOADS_RELATED_ORDER_MODIFIED_DATE</option>
                    <option value="rand()">MOD_JDOWNLOADS_RELATED_ORDER_RANDOM</option>
                </field>
                <field name="download_ordering_direction" type="list" default="ASC" label="MOD_JDOWNLOADS_RELATED_DIRECTION" description="MOD_JDOWNLOADS_RELATED_DIRECTION_DESC">
                    <option value="DESC">MOD_JDOWNLOADS_RELATED_DESCENDING</option>
                    <option value="ASC">MOD_JDOWNLOADS_RELATED_ASCENDING</option>
                </field>
        </fieldset>        
		<fieldset name="advanced">
			<field name="layout" type="modulelayout" default="default" label="MOD_JDOWNLOADS_RELATED_LAYOUT_TITLE" description="MOD_JDOWNLOADS_RELATED_LAYOUT_DESC" />
			<field name="moduleclass_sfx" type="text" default="" label="MOD_JDOWNLOADS_RELATED_CLASS_SUFFIX_TITLE" description="MOD_JDOWNLOADS_RELATED_CLASS_SUFFIX_DESC"/>

            <field name="spacer6" type="spacer" default="" label="MOD_JDOWNLOADS_RELATED_SPACER" description="" />
			<field name="cache" type="list" default="1" label="MOD_JDOWNLOADS_RELATED_CACHE_LABEL" description="MOD_JDOWNLOADS_RELATED_CACHE_DESCRIPTION">
				<option value="1">MOD_JDOWNLOADS_RELATED_CACHE_USE_GLOBAL</option>
				<option value="0">MOD_JDOWNLOADS_RELATED_CACHE_NO_CACHING</option>
			</field>
			<field name="cache_time" type="text" default="900" label="MOD_JDOWNLOADS_RELATED_CACHE_TIME_LABEL" description="MOD_JDOWNLOADS_RELATED_CACHE_TIME_DESCRIPTION" />
		</fieldset>
		</fields>
    </config>
</extension>