<?xml version="1.0" encoding="utf-8"?>
<extension type="module" client="site" version="3.1" method="upgrade">
        <name>jDownloads Rated</name>
        <author>Arno Betz</author>
        <creationDate>2021-11-15</creationDate>
        <copyright>(C) 2007-2021 Arno Betz. All rights reserved.</copyright>
        <license>http://www.gnu.org/copyleft/gpl.html GNU/GPL</license>
        <authorEmail>info@jdownloads.com</authorEmail>
        <authorUrl>www.jDownloads.com</authorUrl>
        <version>3.9.8.2</version>
        <description>MOD_JDOWNLOADS_RATED_XML_DESCRIPTION</description>
        <files>
                <filename module="mod_jdownloads_rated">mod_jdownloads_rated.php</filename>
                <filename>helper.php</filename>
                <filename>mod_jdownloads_rated.xml</filename>        
                <folder>tmpl</folder>
                <folder>language</folder>
				<folder>mod_jdownloads_images</folder>
                <folder>fields</folder>                              
        </files>
        <config>
		    <fields name="params" addfieldpath="/modules/mod_jdownloads_rated/fields">
			    <fieldset name="basic">
		            <field name="top_view" type="list" default="1" label="MOD_JDOWNLOADS_RATED_VIEW_TYPE" description="MOD_JDOWNLOADS_RATED_VIEW_TYPE_DESC">
					    <option value="1">MOD_JDOWNLOADS_RATED_TOP_VIEW</option>
					    <option value="0">MOD_JDOWNLOADS_RATED_VIEW</option>
				    </field>
                    <field name="text_before" type="textarea" cols="30" rows="2" default="" label="MOD_JDOWNLOADS_RATED_TEXT_BEFORE_TITLE" description="MOD_JDOWNLOADS_RATED_TEXT_BEFORE_DESC"/>
                    <field name="text_after" type="textarea" cols="30" rows="2" default="" label="MOD_JDOWNLOADS_RATED_TEXT_AFTER_TITLE" description="MOD_JDOWNLOADS_RATED_TEXT_AFTER_DESC"/>
					<field name="spacer1" type="spacer" default="" label="MOD_JDOWNLOADS_RATED_SPACER" description="" />
                    <field name="catid" type="jdCategorySelectPure" multiple="true" size="10" default="" label="MOD_JDOWNLOADS_RATED_CAT_ID_TITLE" description="MOD_JDOWNLOADS_RATED_CAT_ID_DESC"/>
                    <field name="sum_view" type="text" default="5" label="MOD_JDOWNLOADS_RATED_NO_FILES_TITLE" description="MOD_JDOWNLOADS_RATED_NO_FILES_DESC"/>
                    <field name="sum_char" type="text" default="" label="MOD_JDOWNLOADS_RATED_TITLE_CHAR_LENGTH_TITLE" description="MOD_JDOWNLOADS_RATED_TITLE_CHAR_LENGTH_DESC"/>
                    <field name="short_char" type="text" default="" label="MOD_JDOWNLOADS_RATED_TITLE_REPLACE_CHAR_TITLE" description="MOD_JDOWNLOADS_RATED_TITLE_REPLACE_CHAR_DESC"/>
                    <field name="short_version" type="text" default="" label="MOD_JDOWNLOADS_RATED_CHAR_BEFORE_RELEASE_TITLE" description="MOD_JDOWNLOADS_RATED_CHAR_BEFORE_RELEASE_DESC"/>
                    <field name="detail_view" type="radio" class="btn-group" label="MOD_JDOWNLOADS_RATED_LINK_TO_DETAIL_TITLE" default="1" description="MOD_JDOWNLOADS_RATED_LINK_TO_DETAIL_DESC">
                            <option value="1">JYES</option>
                            <option value="0">JNO</option>
                    </field>
					<field name="spacer-mime" type="spacer" default="" label="MOD_JDOWNLOADS_RATED_SPACER" description="" />
                    <field name="view_pics" type="radio" class="btn-group" label="MOD_JDOWNLOADS_RATED_VIEW_MIME_PIC" default="1" description="MOD_JDOWNLOADS_RATED_VIEW_MIME_PIC_DESC">
                            <option value="1">JYES</option>
                            <option value="0">JNO</option>
                    </field>
					<field name="view_pics_link" type="radio" class="btn-group" label="MOD_JDOWNLOADS_RATED_VIEW_MIME_PIC_LINK" default="1" description="MOD_JDOWNLOADS_RATED_VIEW_MIME_PIC_LINK_DESC">
                        <option value="1">JYES</option>
                        <option value="0">JNO</option>
					</field>
                    <field name="view_pics_size" type="text" default="18" label="MOD_JDOWNLOADS_RATED_SET_SIZE_FROM_MIME_PICS" description="MOD_JDOWNLOADS_RATED_SET_SIZE_FROM_MIME_PICS_DESC"/>
					<field name="spacer3" type="spacer" default="" label="MOD_JDOWNLOADS_RATED_SPACER" description="" />
                    <field name="view_numerical_list" type="radio" class="btn-group" label="MOD_JDOWNLOADS_RATED_VIEW_NUMERICAL_LIST" default="0" description="MOD_JDOWNLOADS_RATED_VIEW_NUMERICAL_LIST_DESC">
                            <option value="1">JYES</option>
                            <option value="0">JNO</option>
                    </field>
					<field name="spacer-stars-votes" type="spacer" default="" label="MOD_JDOWNLOADS_RATED_SPACER" description="" />
                    <field name="view_stars" type="radio" class="btn-group" label="MOD_JDOWNLOADS_RATED_VIEW_STARS_TITLE" default="1" description="MOD_JDOWNLOADS_RATED_VIEW_STARS_DESC">
                            <option value="1">JYES</option>
                            <option value="0">JNO</option>
                    </field>
                    <field name="view_votes" type="radio" class="btn-group" label="MOD_JDOWNLOADS_RATED_VIEW_VOTES_TITLE" default="1" description="MOD_JDOWNLOADS_RATED_VIEW_VOTES_DESC">
                            <option value="1">JYES</option>
                            <option value="0">JNO</option>
                    </field>
					<field name="view_stars_votes_same_line" type="radio" class="btn-group" label="MOD_JDOWNLOADS_RATED_VIEW_STARS_VOTES_SAME_LINE_TITLE" default="1" description="MOD_JDOWNLOADS_RATED_VIEW_STARS_VOTES_SAME_LINE_DESC">
                            <option value="1">JYES</option>
                            <option value="0">JNO</option>
					</field>
					<field name="spacer-date" type="spacer" default="" label="MOD_JDOWNLOADS_RATED_SPACER" description="" />
					<field name="view_date" type="radio" class="btn-group" default="0" label="MOD_JDOWNLOADS_RATED_SHOW_DATE_TITLE" description="MOD_JDOWNLOADS_RATED_SHOW_DATE_DESC">
                		<option value="1">MOD_JDOWNLOADS_RATED_YES</option>
			            <option value="0">MOD_JDOWNLOADS_RATED_NO</option>
					</field>
					<field name="view_date_same_line" type="radio" class="btn-group" default="0" label="MOD_JDOWNLOADS_RATED_VIEW_DATE_IN_THE_SAME_LINE_TITLE" description="MOD_JDOWNLOADS_RATED_VIEW_DATE_IN_THE_SAME_LINE_DESC">
                        <option value="1">MOD_JDOWNLOADS_RATED_YES</option>
                        <option value="0">MOD_JDOWNLOADS_RATED_NO</option>
					</field>
					<field name="view_date_label" type="text" default="" label="MOD_JDOWNLOADS_RATED_VIEW_DATE_TEXT_TITLE" description="MOD_JDOWNLOADS_RATED_VIEW_DATE_TEXT_DESC"/>
					<field name="date_format" type="text" default="" label="MOD_JDOWNLOADS_RATED_DATE_FORMAT_TITLE" description="MOD_JDOWNLOADS_RATED_DATE_FORMAT_DESC"/>
					
					<field name="spacer-hits" type="spacer" default="" label="MOD_JDOWNLOADS_RATED_SPACER" description="" />
					<field name="view_hits" type="radio" class="btn-group" default="0" label="MOD_JDOWNLOADS_RATED_SHOW_HITS_TITLE" description="MOD_JDOWNLOADS_RATED_SHOW_HITS_DESC">
                		<option value="1">MOD_JDOWNLOADS_RATED_YES</option>
			            <option value="0">MOD_JDOWNLOADS_RATED_NO</option>
					</field>
					<field name="view_hits_same_line" type="radio" class="btn-group" default="0" label="MOD_JDOWNLOADS_RATED_VIEW_HITS_IN_THE_SAME_LINE_TITLE" description="MOD_JDOWNLOADS_RATED_VIEW_HITS_IN_THE_SAME_LINE_DESC">
                        <option value="1">MOD_JDOWNLOADS_RATED_YES</option>
                        <option value="0">MOD_JDOWNLOADS_RATED_NO</option>
						</field>
					<field name="view_hits_label" type="text" default="" label="MOD_JDOWNLOADS_RATED_VIEW_HITS_TEXT_TITLE" description="MOD_JDOWNLOADS_RATED_VIEW_HITS_TEXT_DESC"/>
					
					<field name="spacer5" type="spacer" default="" label="MOD_JDOWNLOADS_RATED_SPACER" description="" />
                    <field name="alignment" type="list" label="MOD_JDOWNLOADS_RATED_ALIGN_TITLE" default="left" description="MOD_JDOWNLOADS_RATED_ALIGN_DESC">
                            <option value="left">MOD_JDOWNLOADS_RATED_LEFT</option>
                            <option value="right">MOD_JDOWNLOADS_RATED_RIGHT</option>
                            <option value="center">MOD_JDOWNLOADS_RATED_CENTER</option>
                    </field>
                    <field name="moduleclass_sfx" type="text" default="default" label="MOD_JDOWNLOADS_RATED_CLASS_SUFFIX_TITLE" description="MOD_JDOWNLOADS_RATED_CLASS_SUFFIX_DESC"/>
                </fieldset>
		        <fieldset name="advanced">
                    <field name="cache" type="list" default="1" label="MOD_JDOWNLOADS_RATED_CACHE_LABEL" description="MOD_JDOWNLOADS_RATED_CACHE_DESCRIPTION">
                        <option value="1">MOD_JDOWNLOADS_RATED_CACHE_USE_GLOBAL</option>
                        <option value="0">MOD_JDOWNLOADS_RATED_CACHE_NO_CACHING</option>
                    </field>
                    <field name="cache_time" type="text" default="900" label="MOD_JDOWNLOADS_RATED_CACHE_TIME_LABEL" description="MOD_JDOWNLOADS_RATED_CACHE_TIME_DESCRIPTION" />
		        </fieldset>
		    </fields>
        </config>
</extension>